"Migrated","FileName","Bytes","SameNameCount","SameNameOther","SameSizeCount","SameSizeOther"
"text_encoders\umt5_xxl_fp8_e4m3fn_scaled.safetensors","umt5_xxl_fp8_e4m3fn_scaled.safetensors","6735906897","1","","1",""
"loras\WAN\2.1\lightx2v_T2V_14B_cfg_step_distill_v2_lora_rank128_bf16.safetensors","lightx2v_T2V_14B_cfg_step_distill_v2_lora_rank128_bf16.safetensors","1253192432","1","","1",""
"loras\WAN\2.2\SVI_v2_PRO_Wan2.2-I2V-A14B_HIGH_lora_rank_128_fp16.safetensors","SVI_v2_PRO_Wan2.2-I2V-A14B_HIGH_lora_rank_128_fp16.safetensors","1226934120","1","","2","loras\Wan\2.2\SVI_v2_PRO_Wan2.2-I2V-A14B_LOW_lora_rank_128_fp16.safetensors"
"loras\WAN\2.2\SVI_v2_PRO_Wan2.2-I2V-A14B_LOW_lora_rank_128_fp16.safetensors","SVI_v2_PRO_Wan2.2-I2V-A14B_LOW_lora_rank_128_fp16.safetensors","1226934120","1","","2","loras\Wan\2.2\SVI_v2_PRO_Wan2.2-I2V-A14B_HIGH_lora_rank_128_fp16.safetensors"
"loras\WAN\2.2\wan2.2_i2v_A14b_high_noise_lora_rank64_lightx2v_4step_1022.safetensors","wan2.2_i2v_A14b_high_noise_lora_rank64_lightx2v_4step_1022.safetensors","634645944","1","","1",""
"loras\WAN\2.2\wan2.2_i2v_A14b_low_noise_lora_rank64_lightx2v_4step_1022.safetensors","wan2.2_i2v_A14b_low_noise_lora_rank64_lightx2v_4step_1022.safetensors","739472104","1","","2","loras\Wan\Wan21_I2V_14B_lightx2v_cfg_step_distill_lora_rank64.safetensors"
"diffusion_models\WAN2.2\Dasiwa_WAN22-I2V14BLightspeed_synthseductionHighV9.safetensors","Dasiwa_WAN22-I2V14BLightspeed_synthseductionHighV9.safetensors","14528641504","1","","2","diffusion_models\Wan2.2\Dasiwa_WAN22-I2V14BLightspeed_synthseductionLowV9.safetensors"
"diffusion_models\WAN2.2\Dasiwa_WAN22-I2V14BLightspeed_synthseductionLowV9.safetensors","Dasiwa_WAN22-I2V14BLightspeed_synthseductionLowV9.safetensors","14528641504","1","","2","diffusion_models\Wan2.2\Dasiwa_WAN22-I2V14BLightspeed_synthseductionHighV9.safetensors"
"diffusion_models\WAN2.2\Dasiwa_WAN22-I2V14BSynthseduction_q4High.gguf","Dasiwa_WAN22-I2V14BSynthseduction_q4High.gguf","9651739136","1","","2","diffusion_models\Wan2.2\Dasiwa_WAN22-I2V14BSynthseduction_q4Low.gguf"
"diffusion_models\WAN2.2\Dasiwa_WAN22-I2V14BSynthseduction_q4Low.gguf","Dasiwa_WAN22-I2V14BSynthseduction_q4Low.gguf","9651739136","1","","2","diffusion_models\Wan2.2\Dasiwa_WAN22-I2V14BSynthseduction_q4High.gguf"
"diffusion_models\WAN2.2\Remix_I2V-GGUF_V21_highQ40.gguf","Remix_I2V-GGUF_V21_highQ40.gguf","9651728896","1","","4","diffusion_models\Wan2.2\Remix_I2V-GGUF_V21_lowQ40.gguf | diffusion_models\Wan2.2\smoothMix_Wan22-I2V_V20_highQ4KM.gguf | diffusion_models\Wan2.2\smoothMix_Wan22-I2V_V20_lowQ4KM.gguf"
"diffusion_models\WAN2.2\Remix_I2V-GGUF_V21_lowQ40.gguf","Remix_I2V-GGUF_V21_lowQ40.gguf","9651728896","1","","4","diffusion_models\Wan2.2\Remix_I2V-GGUF_V21_highQ40.gguf | diffusion_models\Wan2.2\smoothMix_Wan22-I2V_V20_highQ4KM.gguf | diffusion_models\Wan2.2\smoothMix_Wan22-I2V_V20_lowQ4KM.gguf"
"diffusion_models\WAN2.2\Remix_NSFW_i2v_14b_high_lighting_fp8_e4m3fn_v2.1.safetensors","Remix_NSFW_i2v_14b_high_lighting_fp8_e4m3fn_v2.1.safetensors","14291297968","1","","2","diffusion_models\Wan2.2\Remix_NSFW_i2v_14b_low_lighting_fp8_e4m3fn_v2.1.safetensors"
"diffusion_models\WAN2.2\Remix_NSFW_i2v_14b_low_lighting_fp8_e4m3fn_v2.1.safetensors","Remix_NSFW_i2v_14b_low_lighting_fp8_e4m3fn_v2.1.safetensors","14291297968","1","","2","diffusion_models\Wan2.2\Remix_NSFW_i2v_14b_high_lighting_fp8_e4m3fn_v2.1.safetensors"
"diffusion_models\WAN2.2\Remix_NSFW_t2v_14b_high_lighting_v2.0.safetensors","Remix_NSFW_t2v_14b_high_lighting_v2.0.safetensors","14289633736","1","","2","diffusion_models\Wan2.2\Remix_NSFW_t2v_14b_low_lighting_v2.0.safetensors"
"diffusion_models\WAN2.2\Remix_NSFW_t2v_14b_low_lighting_v2.0.safetensors","Remix_NSFW_t2v_14b_low_lighting_v2.0.safetensors","14289633736","1","","2","diffusion_models\Wan2.2\Remix_NSFW_t2v_14b_high_lighting_v2.0.safetensors"
"diffusion_models\WAN2.2\smoothMix_Wan2214B-I2V_i2v_V20_High.safetensors","smoothMix_Wan2214B-I2V_i2v_V20_High.safetensors","14550099704","1","","1",""
"diffusion_models\WAN2.2\smoothMix_Wan2214B-I2V_i2v_V20_Low.safetensors","smoothMix_Wan2214B-I2V_i2v_V20_Low.safetensors","14550099768","1","","1",""
"diffusion_models\WAN2.2\smoothMix_Wan22-I2V_V20_highQ4KM.gguf","smoothMix_Wan22-I2V_V20_highQ4KM.gguf","9651728896","1","","4","diffusion_models\Wan2.2\Remix_I2V-GGUF_V21_highQ40.gguf | diffusion_models\Wan2.2\Remix_I2V-GGUF_V21_lowQ40.gguf | diffusion_models\Wan2.2\smoothMix_Wan22-I2V_V20_lowQ4KM.gguf"
"diffusion_models\WAN2.2\smoothMix_Wan22-I2V_V20_lowQ4KM.gguf","smoothMix_Wan22-I2V_V20_lowQ4KM.gguf","9651728896","1","","4","diffusion_models\Wan2.2\Remix_I2V-GGUF_V21_highQ40.gguf | diffusion_models\Wan2.2\Remix_I2V-GGUF_V21_lowQ40.gguf | diffusion_models\Wan2.2\smoothMix_Wan22-I2V_V20_highQ4KM.gguf"
"diffusion_models\WAN2.2\smoothMix_Wan22-T2V_V20_highQ6K.gguf","smoothMix_Wan22-T2V_V20_highQ6K.gguf","12011199104","1","","1",""
"diffusion_models\WAN2.2\smoothMix_Wan22-T2V_V20_lowQ6K.gguf","smoothMix_Wan22-T2V_V20_lowQ6K.gguf","12001372704","1","","1",""
"mmaudio\apple_DFN5B-CLIP-ViT-H-14-384_fp16.safetensors","apple_DFN5B-CLIP-ViT-H-14-384_fp16.safetensors","1973509450","1","","1",""
"mmaudio\mmaudio_large_44k_nsfw_gold_8.5k_final_fp16.safetensors","mmaudio_large_44k_nsfw_gold_8.5k_final_fp16.safetensors","2060050528","1","","1",""
"mmaudio\mmaudio_synchformer_fp16.safetensors","mmaudio_synchformer_fp16.safetensors","474981098","1","","1",""
"mmaudio\mmaudio_vae_44k_fp16.safetensors","mmaudio_vae_44k_fp16.safetensors","610966060","1","","1",""
